word,sentence#,sentence,pos
ought,16869004,the shortcut led right to where Harold thought a forest ought to be,mod
onto,17115248,I'm not allowing you to reach things onto the mantel from the slide any more,prep
dare,17144700,I dare not go,mod
behind,17024078,yyy knee behind the letters,prep
greenish,16983158,is that kind of a greenish blue,adj
I,17243447,I don't know,pro
wrote,16912225,after lunch everybody wrote letters home,v
must,16990849,some ocean creatures are mammals they are warm blooded and feed their young with milk they must come to the ocean surface to breathe air,mod
anybody,16767591,has anybody seen my baby,pro
grand,16897287,puppy and for the grand finale madam Olivia and her trained dogs,adj
suddenly,16980379,suddenly Mufasa was knocked back into the stampede,adv
want,17187162,you want a blue square,v
hiding,16909060,I think your snowman might be hiding in there somewhere,participle
must,16884870,you really must be more careful Mr Frumble,mod
Alidar,17002806,you could tell me a story about Alidar,propn
good,16829165,xxx that's a good one,adj
fellows,17024066,a new crop of fellows from the xxx,n
of,16937202,I've never heard that come out of her mouth before,prep
grass,17008155,and the little knives cut the grass,n
tippy,17160597,go on your tippy toes,adj
yucky,16888686,xxx okay that's a yucky piece,adj
wanted,17083557,you know if you wanted to you could get,v
down,16952462,lots and lots_of food because mommy sent lots and lots_of food down there,adv
from,17104980,wee the kids swinging from the rope,prep
perkier,16893434,not feeling perkier said Felix djou see a little giraffe in that picture,adj
visited,17198763,it is because the spring unicorn the bringer of spring has not visited Feria this year he explained without his arrival there can be no spring,participle
good,17042734,your cheeks feel good,adj
good,16789198,good job,adj
off,17161780,finally he took off the hat and the smile,prep
wild,16917154,the wild things roared their terrible roars and gnashed their terrible teeth and rolled their terrible eyes and showed their terrible claws,adj
block,16794828,no it's a cheapy block,n
there,16879192,there is nothing a train cannot do Thomas said proudly,pro
where,17194842,where is Thumbkin,pro
narrow,16765002,wide narrow,adj
onto,16869309,yyy he hung onto the rails yyy he's xxx back on the track,prep
taping,17078360,today is October tenth and I have skipped a week of taping,participle
might,17058823,well I might read that again a little later,mod
themselves,16960828,in the winter or hot weather snails hide in shady spots they close themselves into their shells with slime,pro
have,16780566,I have to kiss you,v
which,16968538,which one,pro
making,16854420,you're making me dizzy,participle
you,17078136,you know you did pee in here I don't know if you realize it,pro
got,16764560,oh you got me this knife that doesn't cut water,v
down,16868885,you cut down the tree huh,adv
here,17050456,hoagie man here,adv
born,16859784,very born,adj
mighty,17028717,mighty bad,adv
closing,16958866,said little brown bear closing his eyes,participle
happily,16951252,they took off across the powdery snow Belle laughed happily as the beast guided the sleigh through the forest path,adv
take,17146871,I oughta take it to work,v
shall,17198348,shall I help you,mod
feeling,16899743,I get this feeling when she gets older she'll be like I took this cash from my mom's wallet here take it,n
everybody,16911258,everybody ready for a,pro
from,16941689,it is it's water from the olives,prep
hydrants,16930755,and Mommy said oh_my_goodness where did you learn about fire hydrants,n
little,17060188,it's little tiny for,adj
responsible,17152250,this happens because the pattern confuses certain cells in your brains that are responsible for interpreting lines and curves,adj
beady,16945202,too beady too bumpy,childes
clean,17100844,look clean ya don't,adj
again,16927358,okay if you eat it again mommy's gonna take it away and put it on the dining room table,adv
higher,16828623,getting higher in the sky higher and higher and higher and higher and higher,adj
good,17109325,good girl,adj
practically,16960250,but Horton so sad he practically,adv
positively,17043155,yes positively,adv
within,17199517,his music was so beautiful that within minutes a whole herd of magical unicorns appeared and danced before him,prep
dare,16876288,I dare not go yyy yyy,mod
stung,17071100,why did the man didn't get stung,participle
potty,16829663,potty,n
none,16991788,I get it said Jay Jay he sees you every day he loves you a lot and without you none of the things he does would be possible,pro
toward,17074509,toward the lifeguard,prep
longer,17191735,we'll just make this one a little longer,adj
want,16908718,like I don't want this and I don't want this either,v
windy,16771686,oh it's getting windy Alex,adj
nosed,17214530,your nosed is stuffed,x
happened,17124270,what's happened on the floor there Naima,participle
should,17143875,maybe we should put this xxx,mod
dry,17030107,and that chicken is dry because she has a nice big umbrella to protect her from the rain,adj
may,16822452,okay may I have this bean,mod
joey,17178496,joey bounces along on his back legs using his tail for balance,propn
swim,17091845,xxx they xxx xxx and go swim,v
probably,16877572,he's probably lonely,adv
sky,16907245,pilots fly airplanes and helicopters up in the sky,n
as,16855471,you can't wear your bottle as a hat it won't stay,prep
sick,16802065,Alex our guy looks a little sick huh,adj
boing,16856062,boing,x
on,16831258,he played nick nack on my,prep
from,16883002,I learned a xxx big lesson from one little crack,prep
must,17127701,must be hard to get clean at the end of the day for you,mod
off,17071717,drying off the tray is good,prep
taked,16967636,I taked it out,v
from,17149395,two what oh I dunno musta been from you know why,prep
alone,16799589,leave it alone,adv
hat,17135807,does this one have a blue hat,n
might,17000369,I think you might be right,mod
immediately,17198821,but we must pay that put that right at once said the king all the people in the land must leave the warmth of their homes and go out and start work immediately,adv
crayons,17102324,let's go get our crayons,n
simply,17186299,but Gerald simply twirled around and finished with a bow,adv
goes,16861802,yep it goes all the way to the dock,v
water,17083709,looks like she has a little container for paint brushes maybe she's doing water colors,n
versus,16984689,versus this one which I think is Tenderheart because it has one heart,prep
themselves,16957968,well this is the little cocoon they make around themselves and when they come out of the cocoon what are they,pro
outside,16990465,and daddy eats the whole hard yyy outside too,adv
belongs,17029414,why don't give me that ball let's put the ball in here where it belongs,v
something,16922865,and a lot of times she'll say something to me and I don't know what she's saying and I just need to like not even put it in context and just keep repeating the word,pro
none,16822006,I there's none left honey,pro
make,16811704,well you hafta make his where's his face I can't see his eyes,v
likes,16869791,he likes idling in stations,v
darling,16941827,your dinner's here darling so open up wide,n
us,16991769,didn't Danielle teach it to us,pro
save,16954779,and save the people,v
behind,17089447,was it behind your book rack,prep
eat,17086951,I like to eat nuts but I don't like them as much as Daddy does,v
Scar,16976159,Scar reached for Mufasa and pulled him close enough to whisper long live the king,propn
must,16987639,you must be feeling pretty good,mod
cutting,17063704,I'm peeling it and cutting it,participle
still,17144606,it's wet still,adv
securely,17114164,alright shall I help you put the top on more securely,adv
too,16908642,too,adv
swinging,16845711,xxx swinging xxx swinging,participle
bird,16958156,I can't said the elephant please begged the bird I won't be gone long sir I give you my word,n
nobody,16972042,nobody,pro
shall,17008785,shall I put the ribbon in the bucket,mod
anyone,16941671,do you know anyone whose name sounds like rose,pro
concerned,16980150,as far as Aurora is concerned her life has been uneventful,participle
can,17099432,xxx I think that's just so that you can imagine the mouth that it has,mod
anything,17004062,do we need anything else to go to New York,pro
coming,17157999,where am I coming to honey,participle
traditional,16989689,stone soup has its traditional roots in European folklore but there are many versions of the story,adj
already,17105635,I already,adv
instead,16909839,yyy some flies instead,adv
schoolbus will,17182347,well look outside baby the schoolbus'll come again,x
jumped,16899359,the cow jumped over the moon,v
one,16969441,that one that one looks like Bloat,pro
may,17145503,may we have a ride asked the children,mod
can,16966728,can can I um just squeeze him in the water,mod
how,16949769,so xxx oh that's daddy no how long are we gonna xxx,pro
on,16906927,you wanna put some on,adv
tent,17018220,chee tent,n
that,16904319,what's that,pro
Dora,16921000,does Dora carry a map in her backpack,propn
perhaps,16977951,perhaps now's a good time to explain the Atkins diet to you honey,adv
anybody,16787203,mm has anybody seen that pirate,pro
all,17120689,it's just that it's salted that's all,pro
shall,17021868,here it's all fixed this baby bug's all fixed now shall we read it,mod
some,16948416,yes let's look at some of the flowers,pro
ugly,16853388,ugly yyy,adj
larks,17036548,that looks like the wren that's the hen those are the four larks,n
might,17098866,might be there,mod
okay,17085648,I'm just gonna put this here okay,intj
through,16985925,and the funny thing is she's gone through things where she'll become really obsessed with some field of study and at that point she must have been two or just like two and a quarter or something like that,prep
zipping,17137597,all set or you need help zipping,participle
banana,17174833,banana,n
his,16961962,his,pro
floated,17074586,bother said Pooh as it floated under the bridge,v
broken,16848050,ah broken down,participle
that,17078141,I just forgot that there's something happening at town hall today,sconj
behind,17120649,we left it behind and went off to get ready for the big parade,adv
outside,16871214,bottle's not outside Manuela is outside,adj
working,16838482,it working,participle
themselves,16955733,alpine marmots seal themselves into their burrows underground and sleep for the winter,pro
dirty,16892395,she says now whenever she says dirty now not whenever but most the time,adj
time,16892395,she says now whenever she says dirty now not whenever but most the time,n
before,16878490,yyy he landed he came before landed,prep
everybody,17074744,did you did everybody like that story,pro
squirrel,16787699,aw why dontchu come over here so Mommy can see your squirrel book,n
since,17076771,I've been getting spammed by Herb Chambers ever since I sent a,prep
has,16858315,dyou know why he has a white moustache,v
awfully,17207535,well you should be you getting you're getting up awfully early these days,adv
one,16955177,and that's a big one,pro
inside,16900737,and when she got up her pee and poop were right inside the potty,prep
fell,17030089,she took a bite of that xxx apple and she fell asleep,v
tank,16862746,yyy yyy and the gasoline tank,n
among,17140256,dogfish lay their eggs among seaweed,prep
forward,16916363,forward and backward on bottoms and knees upstairs and downstairs wherever they please,adv
us,17021134,yeah let's bring that laundry basket with us,pro
otherwise,17214465,I suggest that William behaves himself otherwise,adv
seriously,17069618,xxx chowing down on the oh that why don't you put ice on it seriously,adv
sound,17059485,what does it sound like,v
castle,16949169,Belle and her father escaped from the cellar and also began riding towards the castle,n
discovering,17199480,I was discovering though when I was trying with the face cloth that it wasn't coming up very well,participle
on,16973710,xxx is a lot of friends on Earth,prep
here,17193783,so here I'll I'll unplug this,intj
quick,16786915,I can make you some mashed potatoes really quick and and give you the squash cause that'll be stuff that's easy you know to chew,adv
answer,16967102,but Toad didn't answer he had fallen,v
she,17113097,she she met a worm and a centipede and a snake,pro
anyone,17081836,why why wouldn't anyone like to have have almond butter on the Kamut,pro
doing,17096756,what's he doing with that,participle
lying,17027536,he's lying down,participle
eating,17080635,look they're eating,participle
upstairs,17166168,dya want Mommy to go upstairs and get it or do you wanna go upstairs and get it,adv
beluga,16958511,baby beluga,n
happy,16910369,happy,adj
shall,17045431,okay let's stop the taping shall we,mod
where,17020183,maybe you can find the picture where she's putting the rings stacking the rings,pro
ancient,17142565,ancient Rome,adj
get,16931973,and so pregnant women or people planning to get pregnant shouldn't eat that much tuna and young children and whatever,v
up,16796321,I'll get you all set up,adv
rubbed,17084806,he needs to have this rubbed gently very very softly on his fur,participle
through,16787576,through the tunnel through the tunnel where is he,prep
within,17118897,Emily lives within Clifford is my dog,prep
mine,16813725,I think it's mine,pro
you,17024642,do you have a picture of a princess there,pro
may,17101247,may be the patient would like to play rhyme time ball with her mother,mod
first,17034111,yep you're gonna help but let me cut the right size of paper first,adv
mainly,17161586,one xxx evening mainly to prove to himself he could do it Harold went for a walk on a tightrope,adv
long,17138023,the chord ain't long enough,adj
tiny,16895329,look at the tiny chubby baby,adj
must,17003369,must wear his hat,mod
Mommy,16763376,xxx oh Mommy,propn
off,17122263,let's take off our backpacks,adv
confused,17141241,now I'm confused,participle
plus,17001093,fifteen months plus one week,prep
glass,16952457,glass slippers,adj
pink,16792622,pink pear,childes
care,17048283,they're going to take care of the baby bear,n
silly,16995600,look silly it's tied up in a ponytail,adj
whom,16975366,while the hyenas argued about who was going to eat whom Simba Nala and Zazu quickly slipped away,pro
making,16873285,is the awake one making noise,participle
grows,16954532,can you tell me which state is which state grows the peaches and the peanuts,v
goes,17061794,jump goes Naima,v
eating,16903154,can you tell Manuela wha chyour eating,participle
moon,16929537,like moo is moon,n
spatula,17056731,n' when I fry when I make scrambled eggs I also need a metal spatula,n
jostled,17056616,yostled,participle
needed,17088966,and needed xxx,v
recorded,16994479,so so I'm being recorded but you are not,participle
stickiest,16982812,that's about the stickiest hand I ever saw,adj
need,17175585,you need to say excuse me,v
anybody,17100292,cause we're in New England and New Englanders eat the most ice cream of anybody,pro
ham,17163022,ham yes William,intj
beautifully,16914861,some time later a beautifully clean Paddington came downstairs,adv
ourselves,17020300,she let Martin and me paint ourselves into this picture,pro
new,16829901,that's everything alright let's get a new bucket,adj
at,16916699,yeah she's still at that over generalization,prep
against,17115312,it's against the xxx,prep
narrow,16765446,wide narrow,adj
books,16811464,get your new books we'll read them later,n
she,16892782,Lily took her things back she pinched his tail and she yelled insulting comments into his crib,pro
wearing,16998245,yeah turkey's wearing a jacket,participle
get,17201473,Mommy's gonna get her chair and I'm gonna get a glass of juice,v
having,17060294,yyy what yyy yyy what Miss yyy at yyy at at toddler time yyy to read yyy while they're having their snacks,participle
quite,17070731,ooh Mommy's got quite a stomach ache,adv
going,17072506,why no they are going to Tina Trucker's birthday party,participle
slightly,16989436,let me just adjust this very slightly since your elbow seems to be hitting it,adv
who,16812704,how about this one who goes on here,pro
mane,16930360,his mane was frizzy and fuzzy and completely unrulish,n
until,16929460,he didn't wake up until he smelled butter toast and lemon tea,prep
green,16835593,how about green for next,n
anyway,17056151,since I'm here anyway and I need to sit with her,adv
shooting,16868208,there we go two stars and one shooting star,participle
semicircle,16947033,do you rodents think you can handle a semicircle,n
all,17086693,I think that's probably all of the tape,pro
beeping,16971046,well someone didn't leave a message and then it just keeps beeping and beeping,participle
might,17118809,it might be also that she's still hungry enough that she can't,mod
everything,16894864,everything is the same thing we just don't know what it is,pro
below,16865616,right below your other one,prep
dirty,16921403,dirty,adj
ours,17082539,and she is somebody who is a friend of ours,pro
places,16819436,maybe it's xxx places to go over xxx I thought I saw,n
shall,16959768,I shall wait,mod
them,16866143,I always mix them up,pro
frolicked,17008408,so for the rest of the day the three friends romped and frolicked in the meadow,v
actively,17164639,the embassy of nature was founded by xxx individuals feeling an urgent need to participate actively in the defense of the rivers forests lakes and jungles that we love,adv
past,17126483,after all danger of frosts has past,adj
of,16939935,so that's the sort of thing that she does all the time,prep
I,16948155,oh I don't know you could be,pro
did,16852885,and what did he find on the mattress,mod
test,16761361,test it,v
must,16847597,the sky is falling cheeped Chicken Little and we must tell the king,mod
ball,16858339,a ball,n
straightening,17065319,just straightening up a little bit that's all,participle
insect,17141192,xxx fly an insect xxx,n
know,17059577,you know the story,v
box,16968827,you got your box,n
wringing,17130716,look yyy yyy I'm wringing his arms out,participle
undressed,16887984,yyy yyy yyy undressed,x
run,16988366,since each of its toes were hoofed Machrauchenia would've been able to run quickly to escape predators,v
smallest,16880174,and mouse you're the smallest of all,adj
divinely,17175263,I know she is divinely inspired xxx,adv
Yosemite,16964338,this is called Yosemite national park,propn
you,17081480,oh I know where you mean,pro
mommy,16975057,mommy,n
on,17034320,she was probably just sleeping upstairs on the bed,prep
use,16773440,so just keep out the one that you're gonna use,v
closest,16985137,actually Pluto is the farthest from the sun the closest to the sun is Mercury,adj
here,16938231,um every plant that's here has died,adj
plus,17138830,plus twenty,prep
itself,16952616,do you tell stories about the stone or does the stone itself tell stories,pro
anybody,16880169,and snake you're longer than anybody,pro
size,16943797,all the cute stuff comes in her size and xxx I want that,n
around,17196277,we'll just turn this around,spacy
ever,16943282,that's the funniest thing I ever saw,pro
must,17168997,we must have glue we have stickers,mod
good,16962688,can you make my good eye,adj
skinny,17000688,alright that's one skinny t+rex,adj
off,16982554,clean clean clean that hand off you are oh so sticky,prep
except,16900030,it doesn't have any words except for the name of the food but they have different like green beans just goes green beans green beans green beans and macaroni goes macaroni macaroni,prep
square,17021877,square sounds like squirrel,adj
book,16837458,you wanna find a book mommy you tell mommy what book you want to read,n
in,16761893,Elmo jumps in a puddle,prep
name,17058016,I like that name,n
sleepy,17167470,sleepy head wake up wake up get out of bed,adj
dare,17214356,back to my home I dare not go,mod
we,16949497,first we need to find boots the monkey,pro
Puddle,16968618,Toot and Puddle,propn
laying,17126452,laying in the dawn yyy yyy yyy,participle
way,17010824,I like the way you did it you did it in the middle and you pushed each side down,n
onto,16955706,but just as the artist was shutting the glass door Corduroy tumbled out onto the floor,prep
whatever,16925022,and Gabby would be like lollipop yeah whatever I'm done,pro
yelled,17153004,frisk Moo yelled frisk,v
yours,17230475,this is yours,pro
below,17140002,a Pica eating on the rocks below,prep
rake,17043385,lying down and rake them lying down you can rake them,v
here,17164079,I have some cheese for you right here,adv
ones,16894698,two different ones,pro
might,17071772,I think they might just shake themselves off likes dogs do,mod
above,16760357,above below,x
nice,17098322,oh nice hug,adj
dare,17183301,I dare not,v
turned,17083070,he's happy because the lights are turned on,participle
aboard,16882728,they all climbed aboard,adv
apostrophe,16907912,or you know apostrophe s she'll put the conjunction in like um Lily's going or,n
nice,17129147,nice flag,adj
later,16868147,not now sweetie later,adv
music,16979604,near each of these there is a music stand with sheets of music on it,n
close,17052207,you want to close the door,v
ready,16876535,ready,adj
frogs,17076446,frogs remarkable frogs,n
trying,16815454,you have to keep trying keep try keep looking for it,participle
dare,17185942,back to my home where I dare not go,mod
surprise,17062144,but the cat is looking this way so the cat sees the mother bear and that cat wants to help mother bear surprise baby bear that's why he says don't eat just yet shut your eyes and say one two three,intj
cheap,17139189,who wants a cheap rhinoceros,adj
full,16760246,smell the earth and the trees after warm summer showers breath in the sweet smell from a field full of flowers,adj
teeth,17057216,you gonna brush teeth,n
ought,16870597,he tried to think where his window ought to be,mod
did,17114515,oh_my_goodness yes you did have the butter,mod
have,17213899,you have lots_of trucks in here,v
stethoscope,17086009,after Huckle takes off his clothes Doctor Bones listens to Huckle's heart through his stethoscope,n
nose,16883852,on their cheeks on their ears on their fingers and nose the tops of their heads their tummies and toes,n
little,17119284,you'll find yyy yyy yyy little thing yyy xxx xxx yyy yyy yyy that you think yyy that's a faucet,adj
within,16982822,yeah Ariel gives up her beautiful voice to stay human Ariel must make Eric give her a kiss of true love within three days,prep
there,17047898,is there tofu also,pro
bless,16791720,xxx God bless you,v
wiggily,17049641,xxx Sally's wiggily wiggily wiggily wiggily wiggily there,adv
itself,16913990,it had a funny kind of a hat and was sitting all by itself on an old suitcase near the lost property office,pro
climbing,16848758,climbing up yyy,participle
tamer's,17162101,xxx with nothing but a lion tamer's chair,n
big,16773132,would you like big or small,adj
excuse,16850213,uh excuse me,v
right,16957871,yeah I think there are crabs in the sea that pinch them I think Sebastian's a crab right,x
nervous,17099469,uh xxx get nervous,adj
guy,16869925,guy guy,n
wherever,16953524,in the fall wherever you live you may find signs of birds and animals getting ready for the winter,adv
blue,17039225,one blue one's blue red blue xxx blues yellow green,adj
hidden,17016344,is the train hidden,participle
Monster,17141272,Daddy Monster Daddy Monster,propn
around,16795532,let's go around the circle and say our names and that way everybody will know everybody else,prep
shall,17139426,shall I get another puzzle to do,mod
would,16998631,the kiss would hafta wait,mod
whom,17113061,for whom,pro
shall,17114413,what shall I do,mod
out,17184531,xxx will you help me pick out my belt Violet,adv
beneath,16895748,with some on top and some beneath,adj
would,16801615,would you like to what what do you wanna do with me,mod
great,17030950,she's so great,adj
across,17030745,and Christopher Robin says I came across it in the forest it was hanging over a bush,prep
lose,17023791,you gonna put the top on so you don't lose it,adv
chimed,17015772,happy birthday to you chimed in the whole zoo,v
inside,16914941,inside all the buildings busy town owners are busy town owners are are busy at work,prep
there,17041064,there,adv
doing,17046370,I guess I was sort doing that,participle
red,16869579,red blue,adj
holding,17084941,holding xxx bear,participle
have,16994983,have you been getting into the catnip,spacy
none,17009405,none at all for me,pro
remind,17202565,what if I put that on his head what would that remind you of,v
baby,16892374,does a baby have ears,n
swells,17066121,in the air and it swells things up,v
interesting,17219111,isn't that interesting,adj
fell,16847283,up that fell off,v
big,16949688,yeah oh big time,adj
about,17201378,ow what about Daddy,prep
sent,17007996,they had sent me a confirmation right away,participle
picture,17074133,yeap and there's a picture of an ambulance there too I'm just gonna go do some laundry I'll be right back in a minute,n
across,16948025,Jack and Perla spun round and around gliding across the floor,prep
jaunty,16919112,she had three shiny quarters and best of all she had a brand new purple plastic purse that played a jaunty tune when it was opened,adj
picture,16906084,there's a doggie on that picture,n
little,16985104,it's christmas eve he thought I wish I was home in Woodcock_Pocket here's your little egg,adj
woo,16856016,clickety+clack clickety+clack chugga chugga chugga chugga woo woo,n
they,17057164,so the so that they don't bite any of us,pro
you,17130435,now you can take this,pro
up,17176631,well we're selling our house we've been busy we've been busy uh fixing it up,adv
mantis,17159098,bordered mantis,n
above,16998262,what's the state right above Texas,prep
Mother,17134758,xxx Mother I like the dark colors,n
rods,17118924,the red rods,n
whichever,17113915,you get to pick them out whichever ones you want,pro
since,17051783,I'm gonna put the sentences uh puzzle pieces back since we're not playing with that any more,prep
let,16780507,I'll let you do the change,v
anybody,16995903,just helps anybody,pro
herself,16897479,with other people around her in the background that she'll sit there and just carry on these conversations with herself,pro
slightly,17045378,these are slightly long but that's something that Mommy can fix,adv
little,17040895,does the train fit in the little cup,adj
except,17199326,nobody that was except for a poor musician who was known as the Whistler,prep
play,16814711,I thought I was are you I could play too can I play,v
anyone,16918912,everyday everywhere babies make friends with a puppy a kitten a goldfish a bunny young people old people anyone funny,pro
instead,17089748,I don't wanna go to the dentist's instead,adv
getting,16944663,because we are getting tired,participle
flowers,16966722,he's bringing flowers pretty flowers to the table,n
downstairs,17152824,I was coming downstairs,adv
of,17008461,well it's one of your chewy things from when you were a little baby,prep
tomorrow,17172694,sleepy sleepy choo_choo until tomorrow woo ooh woo,n
near,16958025,oh watch the fork near your face honey,prep
exclaimed,16948012,fancy wearing a duffel coat in the water exclaimed Jonathan,v
dare,17186201,down by the bay down by the bay where the watermelons grow back to my home I dare not go for if I do my mother will say,mod
ought,17015564,you ought to chew it that's right,mod
hot,17220055,oh it's hot,adj
wild,17159082,yeah but wolves are wild dogs,adj
traversing,16923260,they're traversing the ground,participle
blue,17027058,blue,adj
choices,17141530,xxx oh but I'll give you three choices and you guess which kind it is okay,n
cold,17067219,I'm cold the bear said,adj
falling,16764895,Mommy's sleeves keep falling down and it's very aggravating,participle
juice,17042374,oh sit down and have your juice,n
skinny,17014297,yyy yyy skinny yyy skinny,adj
all,16767010,I think he just all of the fans were screaming for him outside I think this was in Germany or something,pro
square,16906120,square square square,X
upside,16986654,we would give it to her right side up and she would say no it's upside down and she would turn it over,X
can,17049248,we can still read the book even if you're done eating,mod
forth,16889957,back and forth and back and forth,adv
happened,16868139,do you remember what happened the gates were closed so what did George do,v
from,16993021,xxx this Easter egg is from last year Max said Ruby into the trash bucket,prep
squares,16958022,there's some um squares too,n
moving,17176748,we're just moving into an apartment for now,participle
Naima,17057816,yyy Naima,propn
helping,17017723,you were helping me tape the boxes weren't you,participle
toward,16973344,his paws were soon full and he was just beginning to wish he had left his suitcase at home when he saw the manager coming toward him pushing a large basket on wheels,prep
putting,17194060,what're you putting in there,participle
doing,17048568,what are they doing,participle
orange,16910080,orange,n
Guatemala,17161544,um let's see Guatemala,propn
buddy,17273872,hey buddy,n
at,16971059,I can look at all the pages,prep
squeal,16917694,they cry and they squeal they giggle and coo they bang and they splash and they clap their hands too,v
why,16821514,oh why do you xxx,pro
latin,17234444,the chimps all did a chacha with a very latin xxx,adj
stabilizing,17079437,stabilizing on this,participle
I,17137465,xxx now I'll have some bite can I have one bite,pro
buoy,17027651,that's a lobster buoy,n
cross,16949621,the troll bridge and then we hafta cross,v
fine,16899206,that's not really dirty it's just wet honey it'll dry and everything will be fine,adj
big,16976144,why don't you tell Manuela about when you went swimming in the big pool,adj
you,17213153,you do,pro
glee,17140261,as they shouted out with glee,n
mouth,16995422,he always opens his mouth and he always grabs onto it,n
somebody,16865393,when the car wants somebody to move out of the way what does it do,pro
incredibly,16986891,that's even better it's incredibly now great,adv
hem,17045525,that's about where I'm gonna hem them I guess,v
doing,17090928,what are you doing on that stool,participle
practicing,16934872,we were swimming yesterday so we're practicing our kicking,participle
aboard,16951255,but he came up thinking fast and in no time he was climbing aboard a trim little boat,prep
she,16949421,she closed their favorite book and they both blew out the candle,pro
Aunt,16937825,what color's Aunt Jill wearing,propn
shall,16998248,what shall we play,mod
does,16909067,you go on your hands first and you say whee and what does Mommy say,mod
shall,17096903,shall I display some paint,mod
maybe,16981283,maybe you wanna read the rest of the Lion king book to yourself Honey,adv
sells,16879141,Sally sells seashells by the seashore,v
stinky,16858008,it's stinky in here,adj
somebody,16854853,somebody yyy,pro
refused,17083416,well I was refused,participle
repeatedly,17043065,and she's just kind of suggests that you do that religiously and repeatedly,adv
Poohlets,16878806,fix your Poohlets here,n
they,17146245,this little chick from over the way went to skip with the lambs one day and what do you think they heard him say,pro
roar,17087718,bears roar,v
sweeping,17201881,where are you sweeping,participle
later,17015280,Sweetie why don't we color some of your princess papers that we can show Daddy later let's bring this over so we can lean on this you carry your box,adv
doing,17115509,I will put your slide away and you won't be able to use it any more if I ever see you doing that again,participle
hers,17209221,looking for hers,pro
from,16876557,the noise boom from inside the door,prep
inside,17091928,yyy yyy let's pretend that inside here is is the special water for the animals,prep
afterward,16909369,soon it will snow she said open wide Sam and afterward we'll go downstairs and wait for the snow,adv
can,16962347,ooh you know what Sweetie this one I'm not gonna put that in there let me see what else I can get for you,mod
minus,17112193,oh well that means it's a hundred dollars minus ninety nine dollars,prep
like,16807501,I don't like it,v
great,17017083,oh my gosh that's great,adj
everyone,17076761,everyone at school wanted it but it was mine,pro
okay,17221309,oh careful hey hey hey no no no that's not a game okay,intj
takes,16959246,well Amanda has to bring the microphone home with her because she takes care of the microphones,v
would,16970647,oh yes would you like to sit next to me,mod
out,17064530,oh I drove out there and it was closed,x
sure,17098013,are you sure,adj
about,17090623,I think Sleepy Bear's about to poop but he needs to go the potty to poop,adj
beneath,17039194,and they float to the surface because they swim so far beneath the sea,prep
except,17081737,there's no yogurt in our house except for the baby yogurt that's the flavor that you don't like,prep
usually,16938698,usually,adv
close,16981306,yyy yyy yyy and close before xxx,v
honey,16954225,huh and we do we have art class tomorrow honey,n
played,17199425,and as he played the notes of the flute danced before him leading him on and on across the widest ocean over the highest mountains,v
did,16844214,did you sing that one,mod
block,16788669,xxx xxx my my other block,n
safely,17008165,he's safely tucked in to go to bed,adv
towards,17167794,come back towards mommy,prep
stuck,16820534,you got stuck,participle
spit,17000888,oh you didn't hafta spit it out on me,v
nicely,17210449,nice nicely,adv
other,16787885,yup but other than that I think it's absolutely it's beautiful,adj
had,17147625,you almost had it right,v
unlike,17062325,this session is being recorded a week about a week later but immediately after that is on the tape after the previous session unlike how I usually do it,prep
popular,16897229,ever popular blue,adj
trucks,16847477,fire trucks,n
against,17049043,and here are newborn puppies who push against mommy's nipples to help the milk come out how many puppies are they nursing,prep
her,17028114,Cinderella was very excited but her stepmother gave her a long list of chores to do before she could go,pro
posies,16996216,ring around the rosies a pocket full of posies ashes ashes we all,n
number,16872404,I don't think Terrence has a number I don't know why he has a name but no number,n
speaking,16999024,since you're not speaking,participle
what,16769166,uhoh look what Mommy did,pro
hiding,17013952,somebody's hiding hiding hiding,participle
politely,17181057,no she is not Jane politely explained,adv
child,17145478,why it's Danny riding on a dinosaur said a child maybe he'll give us a ride,n
natured,16978658,about Aurora she is gentle and sweet natured,adj
around,16920987,can you turn the crayon around honey,prep
done,17089975,you done do you wanna get down,adj
sailing,17121465,xxx the sailing picture,adj
cookbook,17061452,where's my cookbook,n
outside,16988623,you see anything outside,adj
might,17103830,well xxx you might be shy but that's not to play with,mod
may,17093738,well you know what you may have three pieces of ice to play with,mod
ocean,16981877,even if it means swimming into dangerous shark infested waters Ariel cannot resist the temptation to explore the ocean for shipwrecks so she can add to her amazing collection of human things,n
hiding,17037360,hiding,participle
probably,17191237,it's probably in here somewhere right,adv
on,16821475,I'd walk on my knees past a hive full of bees but I wouldn't say,prep
they,17159534,that's what they eat,pro
otherwise,16889954,otherwise you're a naked doodle,adv
shall,17089146,shall I hang up this picture,mod
than,16770283,a little bit smaller than medium,prep
along,17191633,but Henry barely moved along them,prep
saying,17177703,and just saying okay well thank for you that and um don't worry about that right now or whatever you know like because,participle
could,16834576,you could push that,mod
hardly,17054622,well usually we don't bring things like this to music class because there's so much to do at music class there's hardly any time to do anything else,adv
woolly,16990529,the woolly mammoth says I have long tusks and wooly hair,adj
fainted,16980546,and it wasn't long before he fainted under the hot sun,v
tenfold,16986313,and dinosaur study has increased tenfold,adv
little,17205059,a little bit better,adj
smooth,16805471,okay smooth it out,v
fast,16804052,okay now you're gonna go fast,adv
did,17052826,did she go to Daddy's office to play with legos there,mod
around,16787669,torpedo that's how Daddy takes you around the yard like a torpedo,prep
might,17126668,I think you might have hazel eyes,mod
by,17000290,oh swing the cat by the tail,prep
dings,16942800,and it dings with this bell,v
should,16854982,should we play a game,mod
spotted,16988612,before the big spotted manta we love Mr Ray,participle
out,17111502,and that little child is wearing a suit all made out of,adv
gas,17085246,Griz do you have enough gas in your box to take you to all the way to Maine,n
inside,16881320,inside was a race+car so big I'd never be able to swallow it,prep
time,16897400,and then one time my dad took me sailing,n
occurred,17173727,you know what it just occurred to me that we probably need batteries for this I'm not certain that I have batteries but,v
near,17080310,in a corner near the fireplace where there was a hole under the skirting board,prep
back,17094001,here I'll put it back on here,adv
spices,17075790,what xxx what kinds of spices are you putting in it,n
dare,17185779,I dare not go,mod
aggressive,17174688,think this might be a little aggressive,adj
room,17091660,let's go in the living room for a few minutes to play,n
needed,17018110,the bear's needed,participle
silent,17146291,silent trees in silent forests long for parrots so,adj
use,17050236,I did use some glue for that,v
plenty,17124043,well I have plenty of stuff and I'm glad to bring it,n
confusing,16986270,because I think you might be confusing those,participle
north,17146634,we'll saddle up we're heading north across the Rio Grande,adv
apart,17127815,or just peel the crayons apart,adv
dare,17185879,I dare not go,mod
did,16988904,did you say you saw Daddy there,mod
rest,17061050,yyy yyy yyy sing the rest,n
whoever,16922264,whoever he is he must be very find of my cheese said the guard,pro
did,16943455,you did,v
doing,17071502,yyy what they doing,participle
that,17182505,what was that,pro
does,17021001,oh she does what color should her wings be,v
tat,17159379,rattle tat tattle tat tattly tattly tattly,x
toast,16868300,that a tubby toast,n
woofy,16898753,woofy,x
shall,17099698,what shall we have them do,mod
might,17091907,you might need to have something else here,mod
quickly,16908359,okay before you fall into thin air Bob quickly we'll draw you a balloon,adv
anxiously,16961195,and how about the colors Frederick they asked anxiously,adv
must,17235005,they shouted it's a miracle we must be in a dream,mod
fully,17159457,is it fully clean,adv
own,17105153,yyy the ants are minding their own business,adj
did,16882031,and they ask each other did you have a good night's sleep,mod
toasting,17132617,right I'm toasting your bagel,participle
squished,16781814,it's all squished,participle
ruffly,16976942,twenty seven men have clip+on ties that are already made into bows the man with the wavy black and white hair the ruffly shirt and the cummerbund ties on a very big white bow+tie,adj
dare,17183444,I dare not go,mod
mushing,16961327,and I'm mushing them into my hands,participle
opposite,16893398,xxx yeah he's facing the whole opposite direction,adj
him,16864849,mhm you wanna put the arms on him every robot needs arms,pro
from,16974862,is this from the swim club mom,prep
looking,16825588,I am looking for a roller,participle
noone,17031400,noone xxx,x
sleepily,16820333,sand colored camels walk slowly and sleepily while children ride them,adv
right,17172816,beep beep that's right it does say that in here doesn't it,adj
properly,17110724,cause drinking properly means you drink with your mouth not with your fingers,adv
anything,16971758,anything else,pro
fighter's,17025757,a fire fighter's hat,x
located,16986048,the asteroid belt is located between Mars and Jupiter,participle
unlike,16958068,unlike my daughter,prep
remember,17058542,dya remember what Sue is,v
drinks,17067468,yeah how 'bout if she just drinks a little there,v
have,16929305,Sweetie why don't you show Jessica what you have,v
it,16868150,yyy is it,pro
us,16869994,please please help us our train has broken down,pro
green,17016535,she's green,adj
ones,17018000,other ones,pro
shall,17104771,shall we make another picture,mod
time,17110693,xxx not time yet,n
can,17244843,but we can hear it,mod
may,16798075,may I poke poke poke poke,mod
in,16834149,in and out,x
purple,16861891,purple car,adj
flowed,16985646,millions of years ago the atmosphere was thicker and warmer rain fell and rivers flowed,v
here,17098191,well I'm protecting all of my animals here,adv
purple,16971964,and it's not purple,adj
trenchant,17141390,I didn't think their criticism was very trenchant,adj
Daisy,16981665,auntie gave you Daisy,propn
I,17075250,no I don't want to,pro
come,17202053,come on going be e i e i o,v
actually,17024099,actually there's some tomatoes there too,adv
doing,17048547,they're all finished with what they were doing,participle
there,17040997,there okay do you want to put the dress on,x
changed,17052312,xxx changed says motorcycle chicken,x
try,17090933,I can try to help you put it back together,v
it,16792640,because it just doesn't,pro
little,16895327,twinkle twinkle little star how I wonder what you are,adj
above,17088113,Mom we could actually I wanna actually make an up above stairs one that's up here,prep
em,17063089,those are clean I kinda want em to stay clean okay,pro
then,17019382,and then,adv
where,16968364,where is it,adv
hearties,16807960,ahoy there me hearties,n
doing,17199633,I was doing it in here,participle
amongst,17070753,amongst the toys,prep
poopy,17053643,it's a dry one well you're the one who told me it's actually poopy,adj
how,16768407,how about this one,adv
uptown,16975122,and here and there uptown and downtown and across the bridges of the city one hundred and five people are getting dressed to go to work,adj
ready,17180608,you ready,adj
bad,17130475,is it that bad,adj
dare,16877297,I dare not go away yyy,mod
flavored,16874455,there is coffee flavored ice cream,participle
should,16886635,yep should we find the b in the stack here in the pile,mod
squishiest,17004994,squishiest spider I've ever seen,adj
blue,16871359,he has a blue cubbyhole,adj
want,16901130,you can draw a picture on there if you want,v
breaked,16910043,this breaked,participle
need,16859154,yyy yyy you need help xxx Grommeryew,v
among,16988050,something magical began to happen among the villagers,prep
together,16923868,and we'll make it play together,adv
on,16836454,on on,on
seated,17006778,xxx you hafta stay seated,participle
right,16997924,you know what this is right it's a,x
flashing,17044072,that light is flashing on and off just like a truck beep goes,participle
has,16843977,yeah he has a shovel,v
hardest,16987677,choosing a favorite color is one of the hardest things I'd ever tried to do,adj
typed,17099486,okay I just typed Honey has got a lantern in his belly lets see what she's gonna say,v
ice,16826897,yeah a cupcake yyy cupcake and cake and ice cream that's everything,n
shall,17139089,what shall I name him,mod
wishing,16952001,and he walked along with the moon wishing he was in his room and in his bed,participle
might,16947208,because possums might wear it upside down by mistake,mod
where,17049693,where were we today where there were three oh Dolce had three clocks,adv
down,17082045,put down here,prep
broken,17224493,why's it broken,participle
changes,16801198,yeah when he changes colors,v
along,16877726,and then Willy has to come along,adv
perfect,16917476,perfect,adj
with,16975680,it's like an elephant with lots_of hair,prep
into,17163899,into the woods like,prep
where,16886381,help me put the letters where they belong,adv
finest,16947859,everyone would be dressed in the finest clothes and Cinderella would wear her mother's beautiful gown,adj
tomorrow,16768425,he put in some requests for tomorrow and Saturday so I have to go to the market anyway,n
accidentally,16956105,he accidentally tipped over the open lidded box and suddenly he was covered in soft slippery soap flakes,adv
play,16908046,come play with me let's play hide and seek,v
somebody,17172654,somebody come and be my friend,pro
can,17012821,I can give you more water,mod
Daddy,16990173,Mama Daddy Mama,propn
until,17044013,I mean I wanna wanna wanna wanna wait until Christmas,prep
does,17122883,does it have one smooth one flat side,mod
shall,17199731,and we shall see if the people are no longer lazy,mod
after,17152035,no you get candy after breakfast,prep
saw,16962288,did you you saw a star in the apple right,v
may,16969084,Toad said Frog you never know when someone may send you a letter,mod
doing,17035779,what Doggie_Woggie doing,participle
Block,16961279,and Charles' father murmured low a babysitter's coming tonight you know the one it's Mrs Block and everything will be alright,propn
dare,16876302,I dare not go,mod
what,17137303,what about house,pro
fantastic,16979788,fantastic,adj
noisy,17045318,noisy Mommy,adj
pal,16997925,he turned to his trusty pal a fast talking meerkat named Timon,n
trusty,16997925,he turned to his trusty pal a fast talking meerkat named Timon,adj
from,16908340,and Mommy separates herself from you,prep
recently,17019589,and we taped recently but,adv
reminding,17073110,oh thank you for reminding me again,participle
shall,17016140,shall we put some wheat on it,mod
somewhere,17095656,do we have a tiny little bowl somewhere Naima,adv
lose,16999307,can Mommy put it on because we don't wanna lose that,v
from,17006060,oh this is from your school,prep
none,16940691,but none of the insects they happened upon had any idea where her mother had gone,pro
toe,17209513,your yeah that's your toe your feet your tongue in your mouth,n
husky,16892040,husky husker doo,adj
turn,17112115,turn the page,v
on,16921219,did mommy try on dresses yesterday,prep
me,16951409,well let me xxx,pro
useless,17234566,they're right he thought I'm useless oh I feel like such a clod,adj
luckily,16897081,luckily I knew how to do everything,adv
himself,17037274,his friend feet well apart his head on one side and thought about things sometimes he thought sadly to himself why and sometimes he thought where for and sometimes he thought in as much as which and sometimes he didn't quite know what he was thinking about,pro
did,17065129,what kind of toys did he have,mod
you,16870393,you have two windows in your bedroom,pro
shall,17013534,shall we make them soggy with soy milk,mod
drives,16907186,who drives Daddy to the train,v
yourself,17000932,do it yourself,pro
big,16929165,a big bubble,adj
just,17172853,I just gotta get a tissue,adv
anywhere,17199976,there there anywhere,adv
as,17092353,oh he's sitting here as if he's having a picnic,prep
whenever,16869375,whenever the boy whistled,adv
tangled,16842474,whoops whoops now you're tangled,participle
good,16989208,Oatios in the bag sound good,adj
things,17153150,that are doing things outside,n
dining,17201454,I'm gonna clean this dining room maybe we can sit in here,n
prosody,17000607,that's actually some prosody in this,n
called,16941853,an he's called a dragonfly,participle
foolish,16882315,and the foolish freight cars refused to back up,adj
you,16791822,you would like to play with your potato head,pro
everybody,17048500,is that true for everybody,pro
stuck,16913525,it's stuck,participle
scratch,16897362,scratch scratch,n
used,16817014,you you could've used your extra xxx at a Bob Stores xxx,participle
utterly,17139005,utterly fabulous,adv
against,17089646,I won't put it on you but I wanna hold it up against you,prep
watched,16955799,Corduroy grew dizzy as he watched the clothes spinning round but the artist became inspired,v
over,17116385,should I bring him over to you,adv
to,17222620,to my room,prep
meant,17076266,is'at watchoo meant by boring,participle
with,16922500,no what are they those big pink birds with the skinny legs,prep
green,16767082,yyy green,x
shall,17163024,shall I help you open the top,mod
name,17062527,what's Babaji's daddy's name,n
shall,16989219,let's just check n make sure these are on shall we,mod
grow,17179382,in about twenty years or so it will grow into a tall oak tree that has many acorns,v
laddy,17103539,good morning laddy,n
hiding,17127123,you hiding while you were taping,participle
potty,17010061,potty,n
across,17159809,across the,x
out,17030978,hey the sun is out,adj
mama,17104836,that's the mama where's the baby,n
dare,17214390,down by the bay where the watermelons grow back to my home I dare not go for if I do my mother will say,mod
making,17058002,it's making noise,participle
doing,16949595,mm what are you doing,participle
everything,17102921,all can do is is we gotta get everything,pro
other,16944221,put that other xxx and carry it,adj
anyone,17094314,does Mary need to check anyone else,pro
swallow,17059868,have some of your juice to help you swallow that egg,v
how,17158874,okay how about,adv
flush,17063217,would you like to get it out of the diaper and flush it down the toilet,v
whichever,17143008,uh whichever one I don't care,pro
costume,17174662,she's in a costume isn't she for Halloween,n
immediately,17140754,but they can swim and dive almost immediately after birth,adv
little,17230619,yeah this is our small little pink ball,adj
whiny,17023728,what's the matter whiny girl,adj
wakie,17107669,are they wakie wakie,x
swim,16946282,I can swim,v
peeling,17095899,no I was actually peeling them,participle
how,16860567,how about Sarasponda_Sarasponda_Sarasponda_Ret_Set_Set,adv
second,16870700,when Gordon was repaired again he took Sir Topham Hatt to the new station for its second official opening,adj
big,16782281,lookit look how big the play+dough's getting xxx so big,adj
called,16794234,what's that called,participle
separately,17059918,I could make some separately for your dad nonwholewheat pasta,adv
who,16947836,who was it,pro
what,17135279,your wearing a backpack on the back and what on the front,pro
silly,16901854,you are silly,adj
way,17102084,oh so I better move out of the way huh,n
since,16920653,and since winter was not far off,prep
of,16920461,perhaps a painting of swiss cheese and crackers or a statue,prep
worrying,17115895,so he he's he's he's worrying cause he wants to see his doctor,participle
declined,17007950,but they never told us that it was declined,participle
jeweled,16975356,Snow White's world Snow White lives in an enchanted land with seven jeweled hills and seven waterfalls,participle
all,17174440,it's all gone sweetie,adv
Murphy,17066187,Sergeant Murphy,propn
house,16875120,should they go up into their fire house,n
what,16885959,isn't that what Kipper did,pro
till,17106156,I can just ride it out till then,prep
red,16936217,red,adj
back,16889071,it's a hand with three fingers let's see if we can stick it back in,adv
name,16934574,but we don't even know his name began Mr Brown,n
canister,16883821,canister,n
downstairs,16946613,Maisy runs downstairs to see who it is who do you think's at the door,adv
during,16934459,do you think the spider goes to school during the day,prep
related,17064928,did you know eagles are related to dinosaurs Naima,participle
eat,17086376,hey do you wanna sit up here and eat,v
happily,17144637,and soon starts laughing happily,adv
she,17041843,yeah she run well no but she runs that childrens' place,pro
clip,16998190,do you let me clip this on so it doesn't break okay,v
going,17103792,this bear is going to sit in this rocking chair,participle
underwater,16991811,I dove underwater to rescue him and I was able to pull him to shore,adv
over,17219150,come on over to the table,adv
poor,17076405,xxx yyy poor mister fly doesn't want to bite,adj
it,17176788,you got it babe,pro
whom,16946039,so Mr Brown marked up three squares and to make it more exciting he said he would give a price to whom ever had the best idea,pro
in,17183904,oh you want me to put your sock in my hand,prep
sit,17006936,Sleepy Bear's gonna sit on my lap,v
clear,16867337,the road it's very clear,adj
to,17193505,now right now I'll xxx go down to uh to pick up that type of gasket see if I can get one of those gaskets,prep
sorry,17164447,I know I'm sorry,adj
different,16870943,or you want a different different one,adj
ought,16951031,the shortcut led right to where Harold thought a forest ought to be,mod
Mommy,17046726,yyy Mommy Mommy trying to do,propn
we,17088750,we could put two of these together to make his desk,pro
from,16870662,that's a design from your shoe,prep
dare,17182674,back to my home I dare not go,mod
realize,17073919,he doesn't realize that he's putting all his presents on fire,v
want,16761495,I want this,v
pole,17032112,and I'm putting the holes on the pole,n
pipe,17156682,pipe fish,x
fire will,17184228,how about the fire+engine the red fire+engine'll come too,x
coming,17118811,how's the pizza coming,participle
can,17000395,well we can't see it now but we can see it another day or we could look at some old ones later,mod
his,17150315,yyy and he's sliding on his,pro
stupid,17100975,stupid thing can't get it shut,adj
chair,17050704,that's in front of the chair there's another one at the back of the chair,n
silky,16817717,stroke my soft silky fur,adj
shall,16949483,shall I get you some sandals honey,mod
might,16970535,if I looked grey I think I might be sick,mod
going,16892862,the lamb's going inside,participle
good,16784203,how are the fish are they good,adj
Becky,17016768,my name is Becky and I live near the New_York public library,propn
Gigi,16777785,Alex Gigi is talking to you,propn
various,17038293,have various ideas about what the opposite is or whether it has one,adj
dog,16842375,no dog on that,n
pooping,16903966,poop xxx is the skunk pooping,participle
shocking,17006420,shocking,participle
ping,17039968,ping bing ping pengams,x
eating,16988020,these cats were carnivores or meat eaters and use their sharp xxx sharp teeth to pierce the thick skins of the plant eating animals,participle
may,16776741,may I have some yellow play+dough,mod
you,17224354,you said you wanted to go for a bike ride,pro
rewarded,17161672,quite a trick he thought as he rewarded the elephant with a big peanut,v
tight,17200596,xxx too tight,adj
bloom,17199045,but it still kept snowing and the lakes didn't thaw and the birds failed to build their nests and the flowers didn't bloom,v
staying,16997716,you having trouble staying on the chair,participle
here,16888772,oh we're falling apart here Ethan huh,adv
streaming,17146212,streaming up the sky,participle
on,17179101,come on,adv
name,17092540,the way Wodney says his name,n
match,17155911,match up the picture,v
underneath,17181265,underneath him like this,prep
dancing,16921552,are you dancing,participle
can,16987382,you can always tell him because he's always,mod
today,17164312,who was at school today,adv
all,17095640,why are there all different brushes,adv
soaping,17050160,soaping,participle
meow,17016475,meow meow meow meow meow,v
may,17196006,you may have red hands for a long time kiddo,mod
here,17150397,this page over here,adv
why,17071630,you just don't want Mommy using the computer is that why you're upset,adv
near,16945149,after tea that sat in the big purple chair near the window and waited for snow,prep
does,16903009,xxx what does he have,v
safely,17038095,safely to abide,adv
Hilda,16972471,oh boy Hilda Hippo,propn
beneath,16948359,and the bough of the ship pierced her cold heart slowly the horrible sea witch sank beneath the waves forever,prep
before,16819581,okay what comes before let's see,prep
definitely,17002639,definitely trees outside,adv
none,16902831,this little piggy had none,pro
so,16871071,Blue's school is so big,adv
do,17186547,oh what do you say,mod
nutty,17098240,xxx why is that no this is not pretty nutty,adj
well,17008712,well now,intj
inside,17186869,yes I think you're I think you're a good soccer player I just don't think it's an appropriate game for inside the house,prep
November,17101457,today is November,propn
almost,16782671,almost looks like a moon,adv
down,16873092,your pants are falling down huh,adv
in,16925924,ooh look at this book we haven't read this in a long time,prep
through,17169088,all through the town,prep
picture,17083597,you gonna hold the handle of the stroller to show that you're strolling him in the picture,n
cinnamon,16784274,cloves cinnamon ginger baking soda,n
today,16794465,no squirrels today,adv
airborne,17168811,yyy snakes are fun xxx airborne snakes yyy yyy,adj